{"cameraMode":{"drawMode":0,"name":"Shaded","section":"Shading Mode"},"sceneLighting":false,"audioPlay":false,"sceneViewState":{"m_AlwaysRefresh":false,"showFog":true,"showSkybox":false,"showFlares":true,"showImageEffects":true,"showParticleSystems":true,"showVisualEffectGraphs":true,"m_FxEnabled":true},"in2DMode":false,"pivot":{"x":3.9045066833496095,"y":0.771881103515625,"z":0.7100021839141846},"rotation":{"x":0.05207410082221031,"y":-0.9342857003211975,"z":0.318429559469223,"w":0.15237563848495484},"size":0.47684040665626528,"orthographic":false}