{"cameraMode":{"drawMode":0,"name":"Shaded","section":"Shading Mode"},"sceneLighting":true,"audioPlay":false,"sceneViewState":{"m_AlwaysRefresh":false,"showFog":true,"showSkybox":true,"showFlares":true,"showImageEffects":true,"showParticleSystems":true,"showVisualEffectGraphs":true,"m_FxEnabled":true},"in2DMode":false,"pivot":{"x":-40.00480651855469,"y":-2.1530070304870607,"z":66.93585968017578},"rotation":{"x":0.36809486150741579,"y":-0.06916013360023499,"z":0.027242932468652726,"w":0.9269251227378845},"size":55.01663589477539,"orthographic":false}