{"cameraMode":{"drawMode":0,"name":"Shaded","section":"Shading Mode"},"sceneLighting":true,"audioPlay":false,"sceneViewState":{"m_AlwaysRefresh":false,"showFog":true,"showSkybox":true,"showFlares":true,"showImageEffects":true,"showParticleSystems":true,"showVisualEffectGraphs":true,"m_FxEnabled":true},"in2DMode":false,"pivot":{"x":-11.694306373596192,"y":0.7406915426254273,"z":73.00484466552735},"rotation":{"x":0.07571002840995789,"y":0.6914103031158447,"z":-0.07293426245450974,"w":0.7149245142936707},"size":3.727605104446411,"orthographic":false}