{"cameraMode":{"drawMode":0,"name":"Shaded","section":"Shading Mode"},"sceneLighting":true,"audioPlay":false,"sceneViewState":{"m_AlwaysRefresh":false,"showFog":true,"showSkybox":true,"showFlares":true,"showImageEffects":true,"showParticleSystems":true,"showVisualEffectGraphs":true,"m_FxEnabled":true},"in2DMode":false,"pivot":{"x":476.2364196777344,"y":204.43869018554688,"z":45.111602783203128},"rotation":{"x":-0.08099620789289475,"y":-0.07408931851387024,"z":0.006040183361619711,"w":-0.9939470291137695},"size":248.7564697265625,"orthographic":false}