{"cameraMode":{"drawMode":0,"name":"Shaded","section":"Shading Mode"},"sceneLighting":false,"audioPlay":false,"sceneViewState":{"m_AlwaysRefresh":false,"showFog":true,"showSkybox":false,"showFlares":true,"showImageEffects":true,"showParticleSystems":true,"showVisualEffectGraphs":true,"m_FxEnabled":true},"in2DMode":false,"pivot":{"x":-32.28505325317383,"y":31.864299774169923,"z":35.911827087402347},"rotation":{"x":-0.0037943485658615829,"y":0.9952918887138367,"z":-0.04363126680254936,"w":-0.08650805801153183},"size":59.11371612548828,"orthographic":false}