{"cameraMode":{"drawMode":0,"name":"Shaded","section":"Shading Mode"},"sceneLighting":false,"audioPlay":false,"sceneViewState":{"m_AlwaysRefresh":false,"showFog":true,"showSkybox":false,"showFlares":true,"showImageEffects":true,"showParticleSystems":true,"showVisualEffectGraphs":true,"m_FxEnabled":true},"in2DMode":false,"pivot":{"x":3.795612096786499,"y":0.47346413135528567,"z":0.3800233006477356},"rotation":{"x":0.05207410082221031,"y":-0.9342857003211975,"z":0.318429559469223,"w":0.15237563848495484},"size":0.060894545167684558,"orthographic":false}